{
  "__version__": "1.0.3",
  "builder": {
    "taskOptionsMap": {},
    "__version__": "1.3.9"
  },
  "gizmos-infos": {
    "is2D": false,
    "is3DIcon": false,
    "iconSize": 2,
    "gridVisible": true,
    "originAxis2D": {
      "x_visible": true,
      "y_visible": true,
      "z_visible": false
    },
    "originAxis3D": {
      "x_visible": true,
      "y_visible": false,
      "z_visible": true
    },
    "gridColor": [
      166,
      166,
      166,
      255
    ],
    "transformToolName": "position",
    "pivot": "pivot",
    "coordinate": "local",
    "toolsVisibility3d": true
  },
  "snap-configs": {
    "position": {
      "x": 1,
      "y": 1,
      "z": 1
    },
    "rotation": 1,
    "scale": 1,
    "isPositionSnapEnabled": false,
    "isRotationSnapEnabled": false,
    "isScaleSnapEnabled": false
  },
  "rect-snap-configs": {
    "enableSnapping": true,
    "snapThreshold": 4
  },
  "float-window": {
    "position": {
      "cc": {
        "Camera": {
          "dock": false,
          "top": null,
          "bottom": 10,
          "left": null,
          "right": 10
        }
      }
    }
  },
  "camera-infos": {
    "fa57308b-8cc2-49c4-ab2c-e161380aa858": {
      "position": {
        "x": 23.3313474891936,
        "y": 23.331347489193597,
        "z": 23.33134748919359
      },
      "rotation": {
        "x": -0.27984814233312133,
        "y": 0.3647051996310009,
        "z": 0.11591689595929512,
        "w": 0.8804762392171493
      },
      "viewCenter": {
        "x": 0,
        "y": 0,
        "z": 0
      },
      "contentRect": {
        "x": 0,
        "y": 0,
        "width": 691,
        "height": 615
      },
      "scale": 1
    },
    "06c68ed8-3f95-4032-a44d-ec0acf14d2c7": {
      "position": {
        "x": 23.595564958945964,
        "y": 23.59556495894596,
        "z": 23.595564958945953
      },
      "rotation": {
        "x": -0.27984814233312133,
        "y": 0.3647051996310009,
        "z": 0.11591689595929512,
        "w": 0.8804762392171493
      },
      "viewCenter": {
        "x": 0,
        "y": 0,
        "z": 0
      },
      "contentRect": {
        "x": 0,
        "y": 0,
        "width": 691,
        "height": 615
      },
      "scale": 1
    },
    "d1c9034b-f0a8-4a2e-8bf6-690a152a731d": {
      "position": {
        "x": 23.331347487535798,
        "y": 23.331347487535794,
        "z": 23.33134748753579
      },
      "rotation": {
        "x": -0.27984814233312133,
        "y": 0.3647051996310009,
        "z": 0.11591689595929512,
        "w": 0.8804762392171493
      },
      "viewCenter": {
        "x": 0,
        "y": 0,
        "z": 0
      },
      "contentRect": {
        "x": 0,
        "y": 0,
        "width": 864,
        "height": 615
      },
      "scale": 1
    },
    "5d156976-ac37-4bcd-b0af-a2abeb7dd2b0": {
      "position": {
        "x": 23.331347487535798,
        "y": 23.331347487535794,
        "z": 23.33134748753579
      },
      "rotation": {
        "x": -0.27984814233312133,
        "y": 0.3647051996310009,
        "z": 0.11591689595929512,
        "w": 0.8804762392171493
      },
      "viewCenter": {
        "x": 0,
        "y": 0,
        "z": 0
      },
      "contentRect": {
        "x": 0,
        "y": 0,
        "width": 864,
        "height": 615
      },
      "scale": 1
    },
    "1f5c1727-4c05-42c5-b24b-4262fe4d0db1": {
      "position": {
        "x": 23.331347487535798,
        "y": 23.331347487535794,
        "z": 23.33134748753579
      },
      "rotation": {
        "x": -0.27984814233312133,
        "y": 0.3647051996310009,
        "z": 0.11591689595929512,
        "w": 0.8804762392171493
      },
      "viewCenter": {
        "x": 0,
        "y": 0,
        "z": 0
      },
      "contentRect": {
        "x": 0,
        "y": 0,
        "width": 864,
        "height": 615
      },
      "scale": 1
    },
    "43c43786-edcb-4b14-a49d-b38bb7e1c649": {
      "position": {
        "x": 23.331347487535798,
        "y": 23.331347487535794,
        "z": 23.33134748753579
      },
      "rotation": {
        "x": -0.27984814233312133,
        "y": 0.3647051996310009,
        "z": 0.11591689595929512,
        "w": 0.8804762392171493
      },
      "viewCenter": {
        "x": 0,
        "y": 0,
        "z": 0
      },
      "contentRect": {
        "x": 0,
        "y": 0,
        "width": 864,
        "height": 615
      },
      "scale": 1
    },
    "65ab6afd-aa39-46e0-be8b-097d7654f6de": {
      "position": {
        "x": 23.331347487535798,
        "y": 23.331347487535794,
        "z": 23.33134748753579
      },
      "rotation": {
        "x": -0.27984814233312133,
        "y": 0.3647051996310009,
        "z": 0.11591689595929512,
        "w": 0.8804762392171493
      },
      "viewCenter": {
        "x": 0,
        "y": 0,
        "z": 0
      },
      "contentRect": {
        "x": 0,
        "y": 0,
        "width": 864,
        "height": 615
      },
      "scale": 1
    },
    "34a33d34-5d13-48bb-b483-d69efae07df8": {
      "position": {
        "x": 23.331347487535798,
        "y": 23.331347487535794,
        "z": 23.33134748753579
      },
      "rotation": {
        "x": -0.27984814233312133,
        "y": 0.3647051996310009,
        "z": 0.11591689595929512,
        "w": 0.8804762392171493
      },
      "viewCenter": {
        "x": 0,
        "y": 0,
        "z": 0
      },
      "contentRect": {
        "x": 0,
        "y": 0,
        "width": 864,
        "height": 615
      },
      "scale": 1
    },
    "0397ddf3-883f-4a22-a3c5-9c76d4adb2c5": {
      "position": {
        "x": 23.331347487535798,
        "y": 23.331347487535794,
        "z": 23.33134748753579
      },
      "rotation": {
        "x": -0.27984814233312133,
        "y": 0.3647051996310009,
        "z": 0.11591689595929512,
        "w": 0.8804762392171493
      },
      "viewCenter": {
        "x": 0,
        "y": 0,
        "z": 0
      },
      "contentRect": {
        "x": 0,
        "y": 0,
        "width": 864,
        "height": 615
      },
      "scale": 1
    },
    "cf5718d7-3de7-4196-9691-c2cd76175c25": {
      "position": {
        "x": 23.331347487535798,
        "y": 23.331347487535794,
        "z": 23.33134748753579
      },
      "rotation": {
        "x": -0.27984814233312133,
        "y": 0.3647051996310009,
        "z": 0.11591689595929512,
        "w": 0.8804762392171493
      },
      "viewCenter": {
        "x": 0,
        "y": 0,
        "z": 0
      },
      "contentRect": {
        "x": 0,
        "y": 0,
        "width": 864,
        "height": 615
      },
      "scale": 1
    },
    "cc164aa1-3255-4a4f-9e0c-2c5140ce650f": {
      "position": {
        "x": 23.331347487535798,
        "y": 23.331347487535794,
        "z": 23.33134748753579
      },
      "rotation": {
        "x": -0.27984814233312133,
        "y": 0.3647051996310009,
        "z": 0.11591689595929512,
        "w": 0.8804762392171493
      },
      "viewCenter": {
        "x": 0,
        "y": 0,
        "z": 0
      },
      "contentRect": {
        "x": 0,
        "y": 0,
        "width": 864,
        "height": 615
      },
      "scale": 1
    },
    "4fcedad5-3a55-4886-bb61-c336116ee7e0": {
      "position": {
        "x": 3733.0155980057284,
        "y": 3733.0155980057275,
        "z": 3733.0155980057266
      },
      "rotation": {
        "x": -0.27984814233312133,
        "y": 0.3647051996310009,
        "z": 0.11591689595929512,
        "w": 0.8804762392171493
      },
      "viewCenter": {
        "x": 0,
        "y": 0,
        "z": 0
      },
      "contentRect": {
        "x": 0,
        "y": 0,
        "width": 864,
        "height": 615
      },
      "scale": 1
    },
    "4ab65f89-03e5-4bc2-9e7c-94a47710ddea": {
      "position": {
        "x": 23.331347487535798,
        "y": 23.331347487535794,
        "z": 23.33134748753579
      },
      "rotation": {
        "x": -0.27984814233312133,
        "y": 0.3647051996310009,
        "z": 0.11591689595929512,